order,channel_name,channel_id
1,Sony Aath,
2,Star Jalsha,
3,Star Jalsha HD,
4,Zee Bangla,
5,Zee Bangla HD,
6,Jalsha Movies HD,
7,Star Plus,
8,Sony Max,
9,Sony Max HD,
10,Zee Cinema,
11,Zee Cinema HD,
12,Star Gold,
13,Star Gold HD,
14,Star Gold 2,
15,Star Gold 2 HD,
16,Zee Action,
17,&pictures,
18,Colors Cineplex,
19,Colors Bangla,
20,Zee Bangla Cinema,
21,Aakaash Aath,
22,Sun Bangla,
23,Zee TV,
24,Khushboo bangla,
25,Colors TV,
26,Sony Entertainment Television (SET),
27,&TV,
28,Star Bharat,
29,Sony SAB,
30,Zee Anmol,
31,Dangal,
32,Star Sports 1,
33,Star Sports 2,
34,Star Sports 1 Hindi,
35,Sony Sports Ten 1,
36,Sony Sports Ten 2,
37,Sony Sports Ten 3,
38,Cartoon Network Latin America South Atlantic,
39,Cartoon Network Latin America South Pacific,
40,Nick jr. (india),
41,Nickelodeon (india),
42,Nickelodeon (United Kingdom),
43,NickOnline HD,
44,Disney Channel (United States),
45,Disney Channel Latin America,
46,Disney Channel Latin America Center,
47,Disney jr. Latin America,
48,Disney jr. Latin America North HD,
49,Disney jr. Latin America South,
50,Disney jr. Latin America South HD,
51,Discovery Channel,
52,Hungama TV,
53,Super Hungama,
54,National Geographic (United States),
55,National Geographic (United States) HD East,
56,National Geographic Wild (india) HD,
57,National Geographic Wild (United States) HD East,
58,History TV18,
59,Goldmines,
60,Goldmines action,
61,Goldmines Bollywood,
62,Goldmines movies,
